frame,P1-P2,P3-P4,P5-P6,P7-P8
1,3227.1153883970096,3226.9546429115944,896.4637904197315,847.5369335215851
2,1627.6883636155642,1627.7577689739035,894.6158247536515,843.2044686301192
3,763.490192764897,765.3414602792798,890.9958738314787,892.5091319724761
4,853.0154504211823,851.6417699156426,908.7628656651002,903.6534856855717
5,968.33362737173,965.02673292977,907.7071430962345,918.5858855948175
AVERAGE,1053.131909,1052.441933,900.520427,889.488243
