frame,P1-P2,P3-P4,P5-P6,P7-P8
0,546.3329710564617,541.4708795045954,695.822553225071,830.0534760684094
1,540.7944829068069,539.3533911994264,700.1342640223064,828.4546577700511
2,545.0066835258191,543.2799416243091,698.7752328658886,834.035931878963
3,543.8948212053929,542.6006492054638,700.4269137318432,830.1254314712783
4,544.1474202838197,543.9713346304909,704.5695700870195,826.0185597754871
5,542.5266882450496,540.458347481416,707.550425583177,827.1909472641597
AVERAGE,543.274019,541.932733,702.291281,829.165106
